{
  "iteration": 6,
  "timestamp": "2025-08-24T15:05:41.596770",
  "param_ranges": {
    "alphas": [
      0,
      5.4535680000000015
    ],
    "lrs": [
      0,
      86.0544
    ],
    "ma_pcs": [
      0,
      2538.0864
    ],
    "mb_pcs": [
      0,
      298.944
    ],
    "inh_lrs": [
      200.0,
      300.0
    ],
    "W_ip_a": [
      1000
    ],
    "W_pi_a": [
      400.0
    ],
    "W_ip_b": [
      3200.0
    ],
    "W_pi_b": [
      24.0
    ],
    "tau_a": [
      0.8
    ],
    "betas": [
      0.1
    ],
    "tau_inh": [
      0.1
    ]
  },
  "grid_size": 32,
  "good_solutions_count": 120,
  "total_solutions_evaluated": 32
}