{
  "adapted_param_ranges": {
    "alphas": [
      0,
      11.308518604800003
    ],
    "lrs": [
      0,
      178.44240384
    ],
    "ma_pcs": [
      0,
      5262.97595904
    ],
    "mb_pcs": [
      0,
      619.8902784
    ],
    "inh_lrs": [
      0.6400000000000001,
      0.96
    ],
    "W_ip_a": [
      1000
    ],
    "W_pi_a": [
      200.0
    ],
    "W_ip_b": [
      320.0
    ],
    "W_pi_b": [
      2560.0
    ],
    "tau_a": [
      19.200000000000003
    ],
    "betas": [
      0.1
    ],
    "tau_inh": [
      0.1
    ]
  },
  "adaptation_history": [
    {
      "iteration": 1,
      "param_ranges": {
        "alphas": [
          0,
          2.6300000000000003
        ],
        "lrs": [
          0,
          41.5
        ],
        "ma_pcs": [
          0,
          1224.0
        ],
        "mb_pcs": [
          5.0,
          145.0
        ],
        "inh_lrs": [
          400.0,
          600.0
        ],
        "W_ip_a": [
          1000
        ],
        "W_pi_a": [
          4000
        ],
        "W_ip_b": [
          30
        ],
        "W_pi_b": [
          1.0
        ],
        "tau_a": [
          250.0
        ],
        "betas": [
          0.1
        ],
        "tau_inh": [
          0.1
        ]
      },
      "grid_size": 32,
      "good_solutions_count": 20
    },
    {
      "iteration": 2,
      "param_ranges": {
        "alphas": [
          0,
          3.1560000000000006
        ],
        "lrs": [
          0,
          49.8
        ],
        "ma_pcs": [
          0,
          1468.8
        ],
        "mb_pcs": [
          0,
          173.0
        ],
        "inh_lrs": [
          3200.0,
          4800.0
        ],
        "W_ip_a": [
          1000
        ],
        "W_pi_a": [
          30
        ],
        "W_ip_b": [
          1.0
        ],
        "W_pi_b": [
          250.0
        ],
        "tau_a": [
          400.0
        ],
        "betas": [
          0.1
        ],
        "tau_inh": [
          0.1
        ]
      },
      "grid_size": 32,
      "good_solutions_count": 20
    },
    {
      "iteration": 3,
      "param_ranges": {
        "alphas": [
          0,
          3.787200000000001
        ],
        "lrs": [
          0,
          59.76
        ],
        "ma_pcs": [
          0,
          1762.56
        ],
        "mb_pcs": [
          0,
          207.6
        ],
        "inh_lrs": [
          24.0,
          36.0
        ],
        "W_ip_a": [
          1000
        ],
        "W_pi_a": [
          1.0
        ],
        "W_ip_b": [
          250.0
        ],
        "W_pi_b": [
          400.0
        ],
        "tau_a": [
          3200.0
        ],
        "betas": [
          0.1
        ],
        "tau_inh": [
          0.1
        ]
      },
      "grid_size": 32,
      "good_solutions_count": 20
    },
    {
      "iteration": 4,
      "param_ranges": {
        "alphas": [
          0,
          4.544640000000001
        ],
        "lrs": [
          0,
          71.712
        ],
        "ma_pcs": [
          0,
          2115.072
        ],
        "mb_pcs": [
          0,
          249.12
        ],
        "inh_lrs": [
          0.8,
          1.2
        ],
        "W_ip_a": [
          1000
        ],
        "W_pi_a": [
          250.0
        ],
        "W_ip_b": [
          400.0
        ],
        "W_pi_b": [
          3200.0
        ],
        "tau_a": [
          24.0
        ],
        "betas": [
          0.1
        ],
        "tau_inh": [
          0.1
        ]
      },
      "grid_size": 32,
      "good_solutions_count": 20
    },
    {
      "iteration": 5,
      "param_ranges": {
        "alphas": [
          0,
          5.4535680000000015
        ],
        "lrs": [
          0,
          86.0544
        ],
        "ma_pcs": [
          0,
          2538.0864
        ],
        "mb_pcs": [
          0,
          298.944
        ],
        "inh_lrs": [
          200.0,
          300.0
        ],
        "W_ip_a": [
          1000
        ],
        "W_pi_a": [
          400.0
        ],
        "W_ip_b": [
          3200.0
        ],
        "W_pi_b": [
          24.0
        ],
        "tau_a": [
          0.8
        ],
        "betas": [
          0.1
        ],
        "tau_inh": [
          0.1
        ]
      },
      "grid_size": 32,
      "good_solutions_count": 20
    },
    {
      "iteration": 6,
      "param_ranges": {
        "alphas": [
          0,
          6.5442816000000015
        ],
        "lrs": [
          0,
          103.26528
        ],
        "ma_pcs": [
          0,
          3045.70368
        ],
        "mb_pcs": [
          0,
          358.7328
        ],
        "inh_lrs": [
          320.0,
          480.0
        ],
        "W_ip_a": [
          1000
        ],
        "W_pi_a": [
          3200.0
        ],
        "W_ip_b": [
          24.0
        ],
        "W_pi_b": [
          0.8
        ],
        "tau_a": [
          200.0
        ],
        "betas": [
          0.1
        ],
        "tau_inh": [
          0.1
        ]
      },
      "grid_size": 32,
      "good_solutions_count": 20
    },
    {
      "iteration": 7,
      "param_ranges": {
        "alphas": [
          0,
          7.853137920000002
        ],
        "lrs": [
          0,
          123.91833600000001
        ],
        "ma_pcs": [
          0,
          3654.844416
        ],
        "mb_pcs": [
          0,
          430.47936
        ],
        "inh_lrs": [
          2560.0,
          3840.0
        ],
        "W_ip_a": [
          1000
        ],
        "W_pi_a": [
          24.0
        ],
        "W_ip_b": [
          0.8
        ],
        "W_pi_b": [
          200.0
        ],
        "tau_a": [
          320.0
        ],
        "betas": [
          0.1
        ],
        "tau_inh": [
          0.1
        ]
      },
      "grid_size": 32,
      "good_solutions_count": 20
    },
    {
      "iteration": 8,
      "param_ranges": {
        "alphas": [
          0,
          9.423765504000002
        ],
        "lrs": [
          0,
          148.7020032
        ],
        "ma_pcs": [
          0,
          4385.8132992
        ],
        "mb_pcs": [
          0,
          516.575232
        ],
        "inh_lrs": [
          19.200000000000003,
          28.799999999999997
        ],
        "W_ip_a": [
          1000
        ],
        "W_pi_a": [
          0.8
        ],
        "W_ip_b": [
          200.0
        ],
        "W_pi_b": [
          320.0
        ],
        "tau_a": [
          2560.0
        ],
        "betas": [
          0.1
        ],
        "tau_inh": [
          0.1
        ]
      },
      "grid_size": 32,
      "good_solutions_count": 20
    },
    {
      "iteration": 9,
      "param_ranges": {
        "alphas": [
          0,
          11.308518604800003
        ],
        "lrs": [
          0,
          178.44240384
        ],
        "ma_pcs": [
          0,
          5262.97595904
        ],
        "mb_pcs": [
          0,
          619.8902784
        ],
        "inh_lrs": [
          0.6400000000000001,
          0.96
        ],
        "W_ip_a": [
          1000
        ],
        "W_pi_a": [
          200.0
        ],
        "W_ip_b": [
          320.0
        ],
        "W_pi_b": [
          2560.0
        ],
        "tau_a": [
          19.200000000000003
        ],
        "betas": [
          0.1
        ],
        "tau_inh": [
          0.1
        ]
      },
      "grid_size": 32,
      "good_solutions_count": 20
    }
  ]
}