{
  "iteration": 10,
  "timestamp": "2025-08-24T15:59:52.781413",
  "param_ranges": {
    "alphas": [
      0,
      11.308518604800003
    ],
    "lrs": [
      0,
      178.44240384
    ],
    "ma_pcs": [
      0,
      5262.97595904
    ],
    "mb_pcs": [
      0,
      619.8902784
    ],
    "inh_lrs": [
      0.6400000000000001,
      0.96
    ],
    "W_ip_a": [
      1000
    ],
    "W_pi_a": [
      200.0
    ],
    "W_ip_b": [
      320.0
    ],
    "W_pi_b": [
      2560.0
    ],
    "tau_a": [
      19.200000000000003
    ],
    "betas": [
      0.1
    ],
    "tau_inh": [
      0.1
    ]
  },
  "grid_size": 32,
  "good_solutions_count": 200,
  "total_solutions_evaluated": 32
}