{
  "iteration": 8,
  "timestamp": "2025-08-24T15:32:47.701483",
  "param_ranges": {
    "alphas": [
      0,
      7.853137920000002
    ],
    "lrs": [
      0,
      123.91833600000001
    ],
    "ma_pcs": [
      0,
      3654.844416
    ],
    "mb_pcs": [
      0,
      430.47936
    ],
    "inh_lrs": [
      2560.0,
      3840.0
    ],
    "W_ip_a": [
      1000
    ],
    "W_pi_a": [
      24.0
    ],
    "W_ip_b": [
      0.8
    ],
    "W_pi_b": [
      200.0
    ],
    "tau_a": [
      320.0
    ],
    "betas": [
      0.1
    ],
    "tau_inh": [
      0.1
    ]
  },
  "grid_size": 32,
  "good_solutions_count": 160,
  "total_solutions_evaluated": 32
}