{
  "iteration": 9,
  "timestamp": "2025-08-24T15:46:20.035507",
  "param_ranges": {
    "alphas": [
      0,
      9.423765504000002
    ],
    "lrs": [
      0,
      148.7020032
    ],
    "ma_pcs": [
      0,
      4385.8132992
    ],
    "mb_pcs": [
      0,
      516.575232
    ],
    "inh_lrs": [
      19.200000000000003,
      28.799999999999997
    ],
    "W_ip_a": [
      1000
    ],
    "W_pi_a": [
      0.8
    ],
    "W_ip_b": [
      200.0
    ],
    "W_pi_b": [
      320.0
    ],
    "tau_a": [
      2560.0
    ],
    "betas": [
      0.1
    ],
    "tau_inh": [
      0.1
    ]
  },
  "grid_size": 32,
  "good_solutions_count": 180,
  "total_solutions_evaluated": 32
}